id;address_1;address_2;city;postcode;country
1;calculating Metal array;discrete redundant;Gaylordhaven;Senior Avo;Li
2;digital deposit;extend Unbranded Fresh Pants Tools;Aureliaview;Argentine ;Ca
3;Specialist generating;Computers Small Fresh Gloves back-end;West Joyfort;composite ;Su
4;sky blue;Peru deposit;Brennonshire;Buckingham;Et
5;mindshare Gorgeous;Chips;Lake Hilariochester;paradigms ;Eg
6;Benin;Tuna Response invoice;Myrlfurt;e-markets ;Ar
7;Louisiana;hack;West Bettyeton;Small;Ga
8;Developer Shoes Music;Buckinghamshire Hollow Shoes;New Granville;Personal L;Ne
9;Gorgeous Cotton Chair Personal Loan Account Borders;Norfolk Island Chilean Peso Unidades de fomento Checking Account;Nitzscheside;COM;Ne
10;multi-byte Jamaican Dollar North Carolina;Station;Reggieside;revolution;Tr
