id;first_name;last_name;email;telephone
1;Lonzo;Wyman;Grayce.Lesch79@yahoo.com;135-160-8536 x20758
2;Daniella;Heidenreich;Autumn_Daniel39@yahoo.com;598.163.7129
3;Kara;Terry;Destany.Farrell@hotmail.com;955-522-9098 x59861
4;Eulalia;Gottlieb;Maxine_Reinger85@yahoo.com;(478) 680-9178 x66503
5;Barry;Weimann;Waylon16@yahoo.com;1-546-469-2170
6;Dave;Kunde;Chaya_Rodriguez@gmail.com;1-876-355-0536 x2225
7;Watson;Wolff;Jeanne_Toy43@yahoo.com;356.564.8127 x4250
8;Odell;Nolan;Charlie.Ziemann95@gmail.com;(983) 709-9345
9;Vita;Marquardt;Wilhelmine29@hotmail.com;1-318-234-1353
10;Tremayne;Sporer;Tod9@hotmail.com;669-312-5283
